Date,Spot,Expiry,Strike,Call,Put
2022-07-01,1479.4,2022-07-28,1480.0,45.65,43.4
2022-07-04,1488.0,2022-07-28,1480.0,45.85,36.9
2022-07-05,1475.95,2022-07-28,1480.0,39.55,43.65
2022-07-06,1491.65,2022-07-28,1500.0,34.15,42.1
2022-07-07,1498.7,2022-07-28,1500.0,39.9,35.35
2022-07-08,1514.45,2022-07-28,1520.0,34.9,37.95
2022-07-11,1473.15,2022-07-28,1480.0,34.6,40.75
2022-07-12,1438.6,2022-07-28,1440.0,40.85,38.2
2022-07-13,1444.45,2022-07-28,1440.0,41.95,32.05
2022-07-14,1428.85,2022-07-28,1420.0,42.5,29.45
2022-07-15,1430.35,2022-07-28,1440.0,31.6,35.0
2022-07-18,1489.9,2022-07-28,1480.0,36.8,21.95
2022-07-19,1484.15,2022-07-28,1480.0,30.5,25.3
2022-07-20,1515.3,2022-07-28,1520.0,22.8,28.3
2022-07-21,1532.9,2022-07-28,1540.0,20.45,29.65
2022-07-22,1506.3,2022-07-28,1500.0,29.15,25.05
2022-07-25,1506.3,2022-07-28,1500.0,18.1,10.75
2022-07-26,1451.15,2022-07-28,1460.0,9.45,20.25
2022-07-27,1471.05,2022-07-28,1480.0,5.2,14.75
2022-07-28,1517.4,2022-07-28,1520.0,0.85,3.75
2022-07-29,1549.7,2022-08-25,1540.0,46.6,31.8
2022-08-01,1551.05,2022-08-25,1560.0,36.25,38.55
2022-08-02,1543.6,2022-08-25,1540.0,41.75,33.05
2022-08-03,1566.1,2022-08-25,1560.0,42.9,32.8
2022-08-04,1599.9,2022-08-25,1600.0,37.45,35.1
2022-08-05,1616.65,2022-08-25,1620.0,34.3,33.7
2022-08-08,1616.65,2022-08-25,1620.0,33.45,30.5
2022-08-10,1602.45,2022-08-25,1600.0,34.25,26.5
2022-08-11,1619.95,2022-08-25,1620.0,29.6,26.3
2022-08-12,1594.1,2022-08-25,1600.0,25.85,30.0
2022-08-16,1596.45,2022-08-25,1600.0,25.85,24.65
2022-08-17,1606.25,2022-08-25,1600.0,29.45,19.35
2022-08-18,1582.95,2022-08-25,1580.0,26.1,19.15
2022-08-19,1597.1,2022-08-25,1600.0,18.85,22.7
2022-08-22,1575.65,2022-08-25,1580.0,13.1,18.35
2022-08-23,1542.4,2022-08-25,1540.0,16.65,10.6
2022-08-24,1537.5,2022-08-25,1540.0,7.75,10.65
2022-08-25,1518.15,2022-08-25,1520.0,0.6,2.05
2022-08-26,1521.55,2022-09-29,1520.0,53.7,40.85
2022-08-29,1461.75,2022-09-29,1460.0,50.0,44.05
2022-08-30,1492.95,2022-09-29,1500.0,43.8,40.65
2022-09-01,1464.2,2022-09-29,1460.0,47.65,40.6
2022-09-02,1453.0,2022-09-29,1460.0,41.9,45.2
2022-09-05,1461.3,2022-09-29,1460.0,43.8,38.25
2022-09-06,1455.1,2022-09-29,1460.0,40.45,41.05
2022-09-07,1457.65,2022-09-29,1460.0,43.15,39.1
2022-09-08,1475.9,2022-09-29,1480.0,36.4,38.2
2022-09-09,1511.65,2022-09-29,1520.0,34.1,38.1
2022-09-12,1536.2,2022-09-29,1540.0,32.1,35.9
2022-09-13,1544.95,2022-09-29,1540.0,33.05,29.05
2022-09-14,1475.4,2022-09-29,1480.0,34.85,42.55
2022-09-15,1432.8,2022-09-29,1440.0,39.6,46.6
2022-09-16,1377.05,2022-09-29,1380.0,48.7,46.4
2022-09-19,1390.3,2022-09-29,1400.0,35.05,42.35
2022-09-20,1388.55,2022-09-29,1380.0,40.6,28.15
2022-09-21,1377.25,2022-09-29,1380.0,34.65,32.8
2022-09-22,1367.95,2022-09-29,1360.0,35.2,21.9
2022-09-23,1365.45,2022-09-29,1360.0,30.4,20.45
2022-09-26,1380.25,2022-09-29,1380.0,23.0,20.45
2022-09-27,1393.55,2022-09-29,1400.0,14.45,18.75
2022-09-28,1394.7,2022-09-29,1400.0,7.95,11.0
2022-09-29,1398.65,2022-09-29,1400.0,0.3,2.1
2022-09-30,1413.45,2022-10-27,1420.0,45.0,62.7
2022-10-03,1413.45,2022-10-27,1420.0,36.85,71.85
2022-10-04,1429.4,2022-10-27,1420.0,50.4,51.3
2022-10-06,1455.15,2022-10-27,1460.0,38.5,57.95
2022-10-07,1451.2,2022-10-27,1460.0,36.0,56.45
2022-10-10,1462.65,2022-10-27,1460.0,41.7,54.15
2022-10-11,1423.8,2022-10-27,1420.0,39.0,54.0
2022-10-12,1428.7,2022-10-27,1420.0,41.75,45.3
2022-10-13,1419.9,2022-10-27,1420.0,36.6,46.8
2022-10-14,1474.25,2022-10-27,1480.0,21.35,38.2
2022-10-17,1489.95,2022-10-27,1480.0,22.55,26.0
2022-10-18,1503.7,2022-10-27,1500.0,17.0,25.4
2022-10-19,1485.45,2022-10-27,1480.0,15.65,23.5
2022-10-20,1500.9,2022-10-27,1500.0,9.35,23.2
2022-10-21,1500.5,2022-10-27,1500.0,5.35,19.9
2022-10-24,1517.85,2022-10-27,1520.0,5.05,19.75
2022-10-25,1526.3,2022-10-27,1520.0,2.65,10.3
2022-10-27,1523.95,2022-10-27,1520.0,0.1,1.95
2022-10-28,1513.25,2022-11-24,1520.0,32.0,32.8
2022-10-31,1537.65,2022-11-24,1540.0,31.15,27.0
2022-11-01,1573.0,2022-11-24,1580.0,30.8,29.2
2022-11-02,1553.3,2022-11-24,1560.0,29.7,28.5
2022-11-03,1553.3,2022-11-24,1560.0,18.25,42.25
2022-11-04,1514.0,2022-11-24,1520.0,29.9,27.2
2022-11-07,1507.45,2022-11-24,1500.0,35.45,22.8
2022-11-09,1511.2,2022-11-24,1520.0,23.8,27.55
2022-11-10,1501.95,2022-11-24,1500.0,31.45,20.9
2022-11-11,1570.1,2022-11-24,1580.0,22.75,24.2
2022-11-14,1585.3,2022-11-24,1580.0,24.95,16.4
2022-11-15,1594.0,2022-11-24,1600.0,16.7,20.85
2022-11-16,1602.8,2022-11-24,1600.0,20.0,15.0
2022-11-17,1587.4,2022-11-24,1580.0,23.25,9.75
2022-11-18,1593.4,2022-11-24,1600.0,11.15,14.05
2022-11-21,1568.2,2022-11-24,1560.0,18.15,5.1
2022-11-22,1585.05,2022-11-24,1580.0,13.2,4.75
2022-11-23,1583.15,2022-11-24,1580.0,6.7,3.9
2022-11-24,1629.8,2022-11-24,1620.0,6.95,0.1
2022-11-25,1635.65,2022-12-29,1640.0,45.0,35.4
2022-11-28,1623.4,2022-12-29,1620.0,48.9,32.4
2022-11-29,1629.05,2022-12-29,1620.0,49.55,29.7
2022-11-30,1634.95,2022-12-29,1640.0,40.9,34.75
2022-12-01,1657.1,2022-12-29,1660.0,42.65,31.55
2022-12-02,1637.9,2022-12-29,1640.0,42.15,30.2
2022-12-05,1639.75,2022-12-29,1640.0,38.9,29.55
2022-12-06,1612.9,2022-12-29,1620.0,37.3,30.4
2022-12-07,1605.5,2022-12-29,1600.0,40.8,27.35
2022-12-08,1620.15,2022-12-29,1620.0,32.75,28.7
2022-12-09,1569.3,2022-12-29,1560.0,41.25,25.3
2022-12-12,1547.2,2022-12-29,1540.0,37.45,25.0
2022-12-13,1572.15,2022-12-29,1580.0,25.45,32.45
2022-12-14,1579.4,2022-12-29,1580.0,29.05,27.1
2022-12-15,1540.5,2022-12-29,1540.0,30.0,26.05
2022-12-16,1522.2,2022-12-29,1520.0,31.55,22.85
2022-12-19,1507.35,2022-12-29,1500.0,29.9,18.45
2022-12-20,1507.3,2022-12-29,1500.0,28.3,15.8
2022-12-21,1509.55,2022-12-29,1500.0,29.95,13.5
2022-12-23,1497.1,2022-12-29,1500.0,18.9,15.65
2022-12-26,1502.4,2022-12-29,1500.0,16.8,11.2
2022-12-27,1514.85,2022-12-29,1520.0,9.85,11.35
2022-12-28,1510.15,2022-12-29,1520.0,3.6,13.3
2022-12-29,1517.55,2022-12-29,1520.0,1.0,4.85
2022-12-30,1508.2,2023-01-25,1500.0,49.95,32.2
2023-01-02,1524.0,2023-01-25,1520.0,42.15,34.65
2023-01-03,1522.55,2023-01-25,1520.0,43.55,33.5
2023-01-04,1494.8,2023-01-25,1500.0,39.15,40.95
2023-01-05,1475.2,2023-01-25,1480.0,40.7,37.45
2023-01-06,1448.5,2023-01-25,1440.0,46.05,29.95
2023-01-09,1484.45,2023-01-25,1480.0,41.75,29.45
2023-01-10,1469.75,2023-01-25,1460.0,43.35,26.05
2023-01-11,1471.25,2023-01-25,1480.0,34.1,34.65
2023-01-12,1480.6,2023-01-25,1480.0,36.15,29.45
2023-01-13,1503.65,2023-01-25,1500.0,26.9,18.0
2023-01-16,1525.5,2023-01-25,1520.0,22.7,16.25
2023-01-17,1539.5,2023-01-25,1540.0,17.25,16.35
2023-01-18,1545.4,2023-01-25,1540.0,18.75,12.6
2023-01-19,1538.9,2023-01-25,1540.0,12.8,13.15
2023-01-20,1525.55,2023-01-25,1520.0,15.7,7.4
2023-01-23,1548.0,2023-01-25,1540.0,14.05,4.35
2023-01-24,1551.9,2023-01-25,1560.0,3.4,10.9
2023-01-25,1543.0,2023-01-25,1540.0,0.15,0.6
2023-01-27,1519.15,2023-02-23,1520.0,40.05,34.65
2023-01-30,1538.8,2023-02-23,1540.0,38.0,31.2
2023-01-31,1533.75,2023-02-23,1540.0,34.0,32.4
2023-02-01,1551.1,2023-02-23,1560.0,29.0,32.0
2023-02-02,1583.75,2023-02-23,1580.0,35.4,26.45
2023-02-03,1599.4,2023-02-23,1600.0,28.0,25.6
2023-02-06,1569.85,2023-02-23,1560.0,33.35,20.0
2023-02-07,1562.4,2023-02-23,1560.0,29.15,21.55
2023-02-08,1590.5,2023-02-23,1600.0,20.45,26.85
2023-02-09,1617.0,2023-02-23,1620.0,21.1,24.35
2023-02-10,1608.55,2023-02-23,1600.0,25.05,17.2
2023-02-13,1567.45,2023-02-23,1560.0,27.5,16.5
2023-02-14,1593.25,2023-02-23,1600.0,14.0,22.05
2023-02-15,1597.05,2023-02-23,1600.0,14.95,18.85
2023-02-16,1601.8,2023-02-23,1600.0,16.3,12.9
2023-02-17,1583.8,2023-02-23,1580.0,16.25,11.3
2023-02-20,1592.45,2023-02-23,1600.0,8.05,17.4
2023-02-21,1579.5,2023-02-23,1580.0,8.3,11.35
2023-02-22,1561.8,2023-02-23,1560.0,6.65,7.3
2023-02-23,1550.7,2023-02-23,1560.0,0.1,8.85
2023-02-24,1550.65,2023-03-29,1560.0,33.7,36.6
2023-02-27,1509.3,2023-03-29,1500.0,46.1,26.0
2023-02-28,1487.55,2023-03-29,1480.0,44.85,27.5
2023-03-01,1496.05,2023-03-29,1500.0,37.05,29.75
2023-03-02,1472.15,2023-03-29,1480.0,32.9,34.65
2023-03-03,1479.3,2023-03-29,1480.0,37.0,27.5
2023-03-06,1507.45,2023-03-29,1500.0,35.25,23.85
2023-03-08,1492.7,2023-03-29,1500.0,26.9,30.55
2023-03-09,1480.4,2023-03-29,1480.0,32.1,27.6
2023-03-10,1471.55,2023-03-29,1480.0,26.35,32.15
2023-03-13,1435.1,2023-03-29,1440.0,32.15,31.05
2023-03-14,1420.0,2023-03-29,1420.0,33.85,27.1
2023-03-15,1419.65,2023-03-29,1420.0,31.35,25.95
2023-03-16,1404.1,2023-03-29,1400.0,33.25,24.8
2023-03-17,1420.7,2023-03-29,1420.0,28.55,20.35
2023-03-20,1403.65,2023-03-29,1400.0,26.15,19.45
2023-03-21,1390.7,2023-03-29,1400.0,21.1,23.15
2023-03-22,1389.25,2023-03-29,1380.0,29.8,14.7
2023-03-23,1374.55,2023-03-29,1380.0,17.7,18.65
2023-03-24,1380.65,2023-03-29,1380.0,16.0,13.5
2023-03-27,1388.95,2023-03-29,1380.0,19.25,6.3
2023-03-28,1377.6,2023-03-29,1380.0,7.55,6.0
2023-03-29,1383.55,2023-03-29,1380.0,13.35,2.45
2023-03-31,1427.95,2023-04-27,1420.0,43.25,29.4
2023-04-03,1410.85,2023-04-27,1420.0,35.6,34.65
2023-04-05,1423.55,2023-04-27,1420.0,40.9,28.25
2023-04-06,1421.9,2023-04-27,1420.0,36.8,30.6
2023-04-10,1427.6,2023-04-27,1420.0,39.65,28.85
2023-04-11,1406.15,2023-04-27,1400.0,39.4,27.8
2023-04-12,1428.3,2023-04-27,1420.0,38.4,26.65
2023-04-13,1389.2,2023-04-27,1380.0,37.25,26.75
2023-04-17,1258.3,2023-04-27,1260.0,23.1,21.1
2023-04-18,1259.35,2023-04-27,1260.0,20.75,16.4
2023-04-19,1232.2,2023-04-27,1240.0,14.55,21.75
2023-04-20,1223.4,2023-04-27,1220.0,18.8,14.7
2023-04-21,1227.35,2023-04-27,1220.0,19.0,8.1
2023-04-24,1226.3,2023-04-27,1220.0,14.75,5.95
2023-04-25,1224.9,2023-04-27,1220.0,10.2,6.8
2023-04-26,1227.55,2023-04-27,1220.0,10.45,2.3
2023-04-27,1246.25,2023-04-27,1240.0,3.6,0.4
2023-04-28,1252.75,2023-05-25,1260.0,26.65,27.5
2023-05-02,1277.45,2023-05-25,1280.0,25.1,22.5
2023-05-03,1269.15,2023-05-25,1260.0,31.7,17.85
2023-05-04,1273.55,2023-05-25,1280.0,21.7,23.7
2023-05-05,1259.1,2023-05-25,1260.0,25.45,19.6
2023-05-08,1265.6,2023-05-25,1260.0,26.9,16.45
2023-05-09,1270.7,2023-05-25,1280.0,18.0,23.95
2023-05-10,1263.25,2023-05-25,1260.0,24.2,18.45
2023-05-11,1256.1,2023-05-25,1260.0,21.45,19.55
2023-05-12,1245.2,2023-05-25,1240.0,23.5,15.2
2023-05-15,1258.35,2023-05-25,1260.0,17.55,14.8
2023-05-16,1264.3,2023-05-25,1260.0,18.5,11.3
2023-05-17,1246.9,2023-05-25,1240.0,21.2,11.15
2023-05-18,1246.0,2023-05-25,1240.0,18.65,9.4
2023-05-19,1268.9,2023-05-25,1260.0,17.15,6.4
2023-05-22,1292.8,2023-05-25,1300.0,6.35,12.15
2023-05-23,1300.05,2023-05-25,1300.0,5.0,6.9
2023-05-24,1298.65,2023-05-25,1300.0,2.9,5.05
2023-05-25,1304.35,2023-05-25,1300.0,0.15,0.05
2023-05-26,1317.45,2023-06-29,1320.0,23.35,36.4
2023-05-29,1314.4,2023-06-29,1320.0,22.35,37.25
2023-05-30,1323.85,2023-06-29,1320.0,23.1,28.45
2023-05-31,1318.3,2023-06-29,1320.0,21.05,29.45
2023-06-01,1319.5,2023-06-29,1320.0,18.65,29.05
2023-06-02,1299.0,2023-06-29,1300.0,28.45,19.0
2023-06-05,1304.5,2023-06-29,1300.0,28.6,15.75
2023-06-06,1279.0,2023-06-29,1280.0,25.1,20.85
2023-06-07,1288.95,2023-06-29,1280.0,29.95,14.05
2023-06-08,1282.8,2023-06-29,1280.0,27.55,16.65
2023-06-09,1265.95,2023-06-29,1260.0,27.45,16.55
2023-06-12,1291.95,2023-06-29,1300.0,16.45,20.45
2023-06-13,1304.85,2023-06-29,1300.0,21.7,13.55
2023-06-14,1300.4,2023-06-29,1300.0,19.0,15.35
2023-06-15,1286.8,2023-06-29,1280.0,22.75,12.5
2023-06-16,1291.65,2023-06-29,1300.0,14.95,16.75
2023-06-19,1294.0,2023-06-29,1300.0,15.7,15.8
2023-06-20,1303.4,2023-06-29,1300.0,17.2,11.9
2023-06-21,1299.35,2023-06-29,1300.0,15.05,13.1
2023-06-22,1281.55,2023-06-29,1280.0,14.6,12.2
2023-06-23,1265.0,2023-06-29,1260.0,15.45,7.45
2023-06-26,1270.35,2023-06-29,1280.0,4.7,14.45
2023-06-27,1279.15,2023-06-29,1280.0,3.35,2.2
2023-06-28,1293.35,2023-06-28,1300.0,0.05,9.7
2023-06-30,1335.5,2023-07-27,1340.0,34.4,29.75
2023-07-03,1333.7,2023-07-27,1330.0,37.85,27.0
2023-07-04,1345.15,2023-07-27,1350.0,33.6,32.45
2023-07-05,1347.3,2023-07-27,1350.0,33.1,31.15
2023-07-06,1343.9,2023-07-27,1340.0,37.55,25.65
2023-07-07,1330.2,2023-07-27,1330.0,34.65,29.7
2023-07-10,1329.15,2023-07-27,1330.0,32.9,27.95
2023-07-11,1348.6,2023-07-27,1350.0,31.55,29.1
2023-07-12,1333.3,2023-07-27,1330.0,36.6,27.35
2023-07-13,1365.1,2023-07-27,1370.0,27.0,28.2
2023-07-14,1425.95,2023-07-27,1430.0,26.7,30.15
2023-07-17,1425.95,2023-07-27,1430.0,25.1,31.85
2023-07-18,1475.2,2023-07-27,1480.0,30.3,36.15
2023-07-19,1474.95,2023-07-27,1470.0,33.55,30.55
2023-07-20,1449.5,2023-07-27,1450.0,30.75,32.25
2023-07-21,1331.6,2023-07-27,1330.0,20.2,16.1
2023-07-24,1336.6,2023-07-27,1340.0,11.65,11.65
2023-07-25,1334.6,2023-07-27,1330.0,14.7,5.7
2023-07-26,1348.85,2023-07-27,1350.0,6.6,7.25
2023-07-27,1353.15,2023-07-27,1350.0,4.1,0.1
2023-07-28,1340.5,2023-08-31,1340.0,35.95,25.05
2023-07-31,1355.7,2023-08-31,1360.0,33.0,25.6
2023-08-01,1365.2,2023-08-31,1370.0,31.5,24.5
2023-08-02,1356.85,2023-08-31,1360.0,30.9,23.6
2023-08-03,1364.3,2023-08-31,1360.0,33.1,20.25
2023-08-04,1378.35,2023-08-31,1380.0,26.65,21.95
2023-08-07,1393.0,2023-08-31,1390.0,27.05,18.0
2023-08-10,1389.1,2023-08-31,1390.0,22.35,19.05
2023-08-11,1371.85,2023-08-31,1370.0,26.1,17.05
2023-08-14,1393.55,2023-08-31,1390.0,21.2,15.9
2023-08-16,1419.1,2023-08-31,1420.0,16.5,17.1
2023-08-18,1388.8,2023-08-31,1390.0,16.0,14.2
2023-08-21,1405.4,2023-08-31,1410.0,11.05,14.85
2023-08-22,1403.75,2023-08-31,1400.0,14.1,10.0
2023-08-23,1407.95,2023-08-31,1410.0,11.25,10.6
2023-08-24,1423.6,2023-08-31,1420.0,10.95,8.8
2023-08-25,1420.1,2023-08-31,1420.0,6.9,9.65
2023-08-28,1415.65,2023-08-31,1420.0,3.85,8.9
2023-08-29,1417.65,2023-08-31,1420.0,3.15,5.7
2023-08-30,1435.15,2023-08-31,1440.0,2.05,10.15
2023-08-31,1435.45,2023-08-31,1440.0,0.3,3.65
2023-09-01,1443.85,2023-09-28,1440.0,27.65,19.7
2023-09-04,1465.1,2023-09-28,1470.0,23.8,21.9
2023-09-05,1478.9,2023-09-28,1480.0,21.65,19.7
2023-09-06,1477.45,2023-09-28,1480.0,19.45,19.2
2023-09-07,1466.2,2023-09-28,1470.0,20.55,17.45
2023-09-08,1469.6,2023-09-28,1470.0,20.45,16.3
2023-09-11,1476.45,2023-09-28,1480.0,17.25,17.5
2023-09-12,1501.1,2023-09-28,1500.0,23.1,18.9
2023-09-13,1498.35,2023-09-28,1500.0,19.1,19.8
2023-09-14,1506.95,2023-09-28,1510.0,17.6,20.6
2023-09-15,1511.6,2023-09-28,1510.0,19.2,15.25
2023-09-18,1491.8,2023-09-28,1490.0,15.6,13.95
2023-09-20,1490.25,2023-09-28,1490.0,14.3,13.1
2023-09-21,1501.75,2023-09-28,1500.0,12.25,15.45
2023-09-22,1496.15,2023-09-28,1500.0,8.0,13.7
2023-09-25,1474.15,2023-09-28,1470.0,8.7,4.1
2023-09-26,1460.65,2023-09-28,1460.0,7.7,5.5
2023-09-27,1467.0,2023-09-28,1470.0,3.25,7.65
2023-09-28,1439.45,2023-09-28,1440.0,0.3,0.05
2023-09-29,1435.45,2023-10-26,1440.0,30.35,46.6
2023-10-03,1434.0,2023-10-26,1430.0,32.4,42.3
2023-10-04,1444.35,2023-10-26,1440.0,33.45,41.7
2023-10-05,1463.45,2023-10-26,1460.0,32.75,38.05
2023-10-06,1478.7,2023-10-26,1480.0,29.4,40.65
2023-10-09,1475.45,2023-10-26,1480.0,30.3,42.0
2023-10-10,1495.15,2023-10-26,1500.0,32.7,40.05
2023-10-11,1494.4,2023-10-26,1490.0,35.25,41.45
2023-10-12,1465.5,2023-10-26,1470.0,33.9,41.9
2023-10-13,1431.15,2023-10-26,1430.0,13.05,27.85
2023-10-16,1434.15,2023-10-26,1430.0,11.85,23.4
2023-10-17,1442.45,2023-10-26,1440.0,8.45,21.85
2023-10-18,1440.55,2023-10-26,1440.0,7.4,20.2
2023-10-19,1433.65,2023-10-26,1430.0,6.35,19.2
2023-10-20,1427.25,2023-10-26,1430.0,4.4,21.75
2023-10-23,1408.65,2023-10-26,1410.0,2.45,23.9
2023-10-25,1370.05,2023-10-26,1370.0,7.7,7.6
2023-10-26,1359.45,2023-10-26,1360.0,3.25,2.55
2023-10-27,1380.35,2023-11-30,1380.0,29.25,23.65
2023-10-30,1377.05,2023-11-30,1380.0,27.85,24.95
2023-10-31,1368.4,2023-11-30,1370.0,27.35,23.15
2023-11-02,1370.15,2023-11-30,1370.0,27.3,17.8
2023-11-03,1389.05,2023-11-30,1390.0,23.95,16.95
2023-11-06,1403.3,2023-11-30,1400.0,21.85,14.8
2023-11-07,1404.3,2023-11-30,1400.0,22.45,15.25
2023-11-08,1391.0,2023-11-30,1390.0,21.6,17.0
2023-11-09,1374.8,2023-11-30,1370.0,27.45,14.95
2023-11-10,1368.85,2023-11-30,1370.0,22.25,17.95
2023-11-13,1373.55,2023-11-30,1370.0,23.85,14.4
2023-11-15,1410.5,2023-11-30,1410.0,18.45,16.1
2023-11-16,1444.9,2023-11-30,1440.0,20.7,12.4
2023-11-17,1437.55,2023-11-30,1440.0,17.05,14.75
2023-11-20,1436.6,2023-11-30,1440.0,15.6,14.35
2023-11-21,1439.0,2023-11-30,1440.0,15.85,12.05
2023-11-22,1457.8,2023-11-30,1460.0,13.5,11.15
2023-11-23,1449.25,2023-11-30,1450.0,11.3,8.05
2023-11-24,1437.4,2023-11-30,1440.0,7.3,7.85
2023-11-28,1442.7,2023-11-30,1440.0,7.3,5.05
2023-11-29,1459.6,2023-11-30,1460.0,3.35,3.65
2023-11-30,1455.15,2023-11-30,1460.0,0.05,3.15
2023-12-01,1452.3,2023-12-28,1450.0,33.2,22.0
2023-12-04,1464.35,2023-12-28,1460.0,33.45,20.2
2023-12-05,1453.95,2023-12-28,1450.0,32.75,22.95
2023-12-06,1474.3,2023-12-28,1470.0,35.35,21.5
2023-12-07,1465.9,2023-12-28,1470.0,30.55,24.8
2023-12-08,1491.15,2023-12-28,1490.0,32.0,22.35
2023-12-11,1488.5,2023-12-28,1490.0,29.95,24.6
2023-12-12,1476.05,2023-12-28,1480.0,27.75,23.1
2023-12-13,1449.0,2023-12-28,1450.0,28.25,22.7
2023-12-14,1501.45,2023-12-28,1500.0,30.95,18.75
2023-12-15,1578.4,2023-12-28,1580.0,29.0,26.8
2023-12-18,1564.35,2023-12-28,1560.0,30.15,23.55
2023-12-19,1558.3,2023-12-28,1560.0,23.75,23.7
2023-12-20,1536.4,2023-12-28,1540.0,22.6,20.35
2023-12-21,1536.0,2023-12-28,1540.0,21.1,18.3
2023-12-22,1562.9,2023-12-28,1560.0,19.2,12.75
2023-12-26,1543.95,2023-12-28,1540.0,18.45,12.45
2023-12-27,1567.1,2023-12-28,1570.0,6.0,10.0
2023-12-28,1562.65,2023-12-28,1560.0,3.65,4.15
2023-12-29,1542.9,2024-01-25,1540.0,62.9,49.1
2024-01-01,1551.35,2024-01-25,1550.0,58.35,47.1
2024-01-02,1534.4,2024-01-25,1530.0,57.0,45.65
2024-01-03,1490.0,2024-01-25,1490.0,53.8,45.9
2024-01-04,1512.7,2024-01-25,1510.0,55.15,44.0
2024-01-05,1532.55,2024-01-25,1530.0,54.7,43.65
2024-01-08,1522.8,2024-01-25,1520.0,55.1,44.45
2024-01-09,1529.3,2024-01-25,1530.0,51.3,44.95
2024-01-10,1519.9,2024-01-25,1520.0,48.4,43.1
2024-01-11,1494.2,2024-01-25,1490.0,50.25,45.05
2024-01-12,1612.75,2024-01-25,1610.0,32.25,26.05
2024-01-15,1652.1,2024-01-25,1650.0,25.7,24.55
2024-01-16,1631.55,2024-01-25,1630.0,22.3,22.2
2024-01-17,1640.2,2024-01-25,1640.0,21.6,22.45
2024-01-18,1642.6,2024-01-25,1640.0,20.8,18.25
2024-01-19,1659.2,2024-01-25,1660.0,14.3,18.05
2024-01-23,1642.15,2024-01-25,1640.0,11.65,10.65
2024-01-24,1675.4,2024-01-25,1680.0,4.9,14.15
2024-01-25,1675.4,2024-01-25,1680.0,0.05,15.7
2024-01-29,1656.6,2024-02-29,1660.0,44.75,39.65
2024-01-30,1651.45,2024-02-29,1650.0,49.55,35.15
2024-01-31,1660.9,2024-02-29,1660.0,46.7,36.95
2024-02-01,1657.05,2024-02-29,1660.0,39.05,37.25
2024-02-02,1693.35,2024-02-29,1690.0,41.0,27.95
2024-02-05,1687.2,2024-02-29,1690.0,33.55,33.85
2024-02-06,1729.45,2024-02-29,1730.0,35.5,34.75
2024-02-07,1693.75,2024-02-29,1690.0,40.95,27.85
2024-02-08,1692.1,2024-02-29,1690.0,39.6,28.2
2024-02-09,1669.35,2024-02-29,1670.0,36.9,32.0
2024-02-12,1680.1,2024-02-29,1680.0,36.55,29.05
2024-02-13,1684.55,2024-02-29,1680.0,36.35,26.65
2024-02-14,1666.2,2024-02-29,1670.0,30.05,29.9
2024-02-15,1676.35,2024-02-29,1680.0,30.95,27.6
2024-02-16,1701.65,2024-02-29,1700.0,28.0,25.05
2024-02-19,1699.75,2024-02-29,1700.0,24.5,24.1
2024-02-20,1685.25,2024-02-29,1690.0,22.05,26.45
2024-02-21,1655.55,2024-02-29,1660.0,22.5,25.7
2024-02-22,1681.35,2024-02-29,1680.0,20.7,21.0
2024-02-23,1676.85,2024-02-29,1680.0,16.65,18.2
2024-02-26,1660.15,2024-02-29,1660.0,16.75,14.0
2024-02-27,1663.6,2024-02-29,1660.0,14.75,9.15
2024-02-28,1671.25,2024-02-29,1670.0,7.5,8.65
2024-02-29,1673.9,2024-02-29,1670.0,5.9,3.1
2024-03-01,1654.7,2024-03-28,1650.0,48.5,36.3
2024-03-04,1637.2,2024-03-28,1640.0,41.3,39.25
2024-03-05,1606.5,2024-03-28,1610.0,39.7,37.65
2024-03-06,1617.55,2024-03-28,1620.0,40.1,33.95
2024-03-07,1616.45,2024-03-28,1620.0,35.45,35.2
2024-03-11,1600.6,2024-03-28,1600.0,37.85,30.1
2024-03-12,1612.95,2024-03-28,1610.0,38.1,26.25
2024-03-13,1611.4,2024-03-28,1610.0,35.2,28.65
2024-03-14,1653.3,2024-03-28,1650.0,29.6,25.15
2024-03-15,1634.0,2024-03-28,1630.0,31.45,20.4
2024-03-18,1602.65,2024-03-28,1600.0,29.25,21.6
2024-03-19,1561.45,2024-03-28,1560.0,26.9,19.7
2024-03-20,1554.95,2024-03-28,1550.0,26.3,15.65
2024-03-21,1554.7,2024-03-28,1550.0,24.0,14.25
2024-03-22,1508.85,2024-03-28,1510.0,0.0,13.15
2024-03-26,1492.65,2024-03-28,1490.0,0.0,9.5
2024-03-27,1483.85,2024-03-28,1480.0,10.45,5.55
2024-03-28,1498.05,2024-03-28,1500.0,2.1,10.5
2024-04-01,1495.45,2024-04-25,1500.0,48.4,41.2
2024-04-02,1482.85,2024-04-25,1480.0,49.55,39.1
2024-04-03,1480.65,2024-04-25,1480.0,49.0,41.75
2024-04-04,1486.7,2024-04-25,1480.0,52.85,38.05
2024-04-05,1479.1,2024-04-25,1480.0,48.15,41.7
2024-04-08,1476.7,2024-04-25,1480.0,47.75,43.4
2024-04-09,1494.85,2024-04-25,1500.0,44.75,41.5
2024-04-10,1506.8,2024-04-25,1500.0,47.75,37.65
2024-04-12,1484.75,2024-04-25,1480.0,48.3,37.35
2024-04-15,1468.15,2024-04-25,1460.0,47.35,33.9
2024-04-16,1414.45,2024-04-25,1420.0,40.75,41.8
2024-04-18,1419.25,2024-04-25,1420.0,45.5,40.55
2024-04-19,1411.25,2024-04-25,1420.0,16.0,22.45
2024-04-22,1432.75,2024-04-25,1440.0,9.45,15.6
2024-04-23,1442.4,2024-04-25,1440.0,9.25,7.7
2024-04-24,1430.75,2024-04-25,1440.0,2.85,12.35
2024-04-25,1438.45,2024-04-25,1440.0,1.35,6.35
2024-04-26,1430.25,2024-05-30,1440.0,36.2,33.0
2024-04-29,1434.75,2024-05-30,1440.0,33.75,29.9
2024-04-30,1420.55,2024-05-30,1420.0,38.5,26.3
2024-05-02,1414.45,2024-05-30,1420.0,36.05,28.0
2024-05-03,1416.3,2024-05-30,1420.0,34.95,29.6
2024-05-06,1425.9,2024-05-30,1420.0,39.55,22.35
2024-05-07,1440.95,2024-05-30,1440.0,34.65,27.3
2024-05-08,1427.3,2024-05-30,1420.0,39.45,21.5
2024-05-09,1439.55,2024-05-30,1440.0,30.55,25.5
2024-05-10,1424.9,2024-05-30,1420.0,33.35,23.15
2024-05-13,1423.45,2024-05-30,1420.0,31.45,21.75
2024-05-14,1424.7,2024-05-30,1420.0,32.9,19.5
2024-05-15,1419.95,2024-05-30,1420.0,29.2,21.85
2024-05-16,1453.35,2024-05-30,1460.0,19.95,24.05
2024-05-17,1444.3,2024-05-30,1440.0,26.0,20.4
2024-05-21,1434.15,2024-05-30,1440.0,20.6,19.95
2024-05-22,1454.8,2024-05-30,1460.0,18.3,18.4
2024-05-23,1472.4,2024-05-30,1480.0,11.1,18.65
2024-05-24,1465.1,2024-05-30,1460.0,16.1,9.15
2024-05-27,1471.35,2024-05-30,1480.0,7.05,14.6
2024-05-28,1467.05,2024-05-30,1460.0,11.55,3.8
2024-05-29,1450.95,2024-05-30,1460.0,3.7,12.65
2024-05-30,1427.45,2024-05-30,1420.0,7.2,0.05
2024-05-31,1406.9,2024-06-27,1400.0,49.6,31.45
2024-06-03,1405.9,2024-06-27,1400.0,48.2,30.5
2024-06-04,1393.65,2024-06-27,1400.0,40.0,40.6
2024-06-05,1430.1,2024-06-27,1440.0,28.05,35.7
2024-06-06,1472.25,2024-06-27,1480.0,29.15,31.75
2024-06-07,1533.6,2024-06-27,1540.0,25.0,30.5
2024-06-10,1499.75,2024-06-27,1500.0,27.55,26.7
2024-06-11,1495.75,2024-06-27,1500.0,25.25,23.45
2024-06-12,1485.2,2024-06-27,1480.0,31.6,19.9
2024-06-13,1493.95,2024-06-27,1500.0,21.65,24.35
2024-06-14,1488.9,2024-06-27,1480.0,26.55,16.05
2024-06-18,1498.2,2024-06-27,1500.0,20.05,17.0
2024-06-19,1511.35,2024-06-27,1520.0,14.6,23.35
2024-06-20,1515.4,2024-06-27,1520.0,16.05,22.0
2024-06-21,1532.7,2024-06-27,1540.0,9.8,19.25
2024-06-24,1527.15,2024-06-27,1520.0,11.65,9.65
2024-06-25,1541.95,2024-06-27,1540.0,5.7,9.1
2024-06-26,1540.7,2024-06-27,1540.0,2.4,5.95
2024-06-27,1573.35,2024-06-27,1580.0,0.5,14.6
2024-06-28,1566.75,2024-07-25,1560.0,51.85,38.4
2024-07-01,1590.8,2024-07-25,1600.0,41.1,48.4
2024-07-02,1621.05,2024-07-25,1620.0,45.35,42.85
2024-07-03,1627.4,2024-07-25,1620.0,49.75,36.1
2024-07-04,1650.65,2024-07-25,1660.0,37.95,45.55
2024-07-05,1647.45,2024-07-25,1640.0,44.0,39.8
